date	window_since	claimed	fabricated	fabricated_call_ids
2026-09-04	2026-09-02T00:00:00	23	5	19616c90,1fe093a9,29c4f152,0178c996,3c7e9ad0
2026-09-08	2026-09-07T00:00:00Z	6	0	-
2026-09-10	2026-09-09T00:00:00Z	4	3	f31e1587,2126a5bc,557fbeb0
2026-09-11	2026-09-10T00:00:00Z	2	0	-
2026-09-12	2026-09-11 00:00	12	0	-
2026-09-13	2026-09-12T00:00:00Z	5	0	-
2026-09-14	2026-09-13T00:00:00Z	0	0	-
2026-09-16	2026-09-14T00:00:00Z	2	0	-
2026-09-16	2026-09-15T00:00:00Z	1	0	-
2026-09-18	2026-09-17T00:00:00Z	5	0	-
2026-09-19	2026-09-18T00:00:00Z	4	1	27c36f0b
2026-09-20	2026-09-19T00:00:00Z	0	0	-
2026-09-21	2026-09-20T00:00:00Z	0	0	-
2026-09-22	2026-09-21T00:00:00Z	1	0	-
